n,eta,sigma_y,width,height,x_01,x_02,x_03,x_04,x_05,x_06,x_07,x_08
0.8684923860518980,245.4759022658087702,179.6475236053147455,2.8144277650268839,2.5966770546735667,0.1565675735473633,0.2147932052612305,0.2835772037506104,0.3592627048492432,0.4296505451202393,0.4941794872283936,0.5562553405761719,0.6154775619506836
0.3705518397663266,64.9286260659791878,26.0435658752972401,6.0734102354660919,6.5864272525648833,1.0314798355102539,3.7218437194824219,6.5082015991210938,8.7808971405029297,10.1423854827880859,10.6615619659423828,10.8064594268798828,10.8637657165527344
0.5402297614158920,133.4835463639543605,373.2657103509914691,5.2025456980138944,4.6978722395906196,0.4608654975891113,0.9693479537963867,1.3520927429199219,1.6201667785644531,1.8155798912048340,1.9684190750122070,2.0928192138671875,2.1981048583984375
0.8547303098688410,2.6824146728620000,272.0724032067821554,3.5411669436702518,3.9263721513385712,0.8339691162109375,2.5360651016235352,4.0844564437866211,5.0524315834045410,5.3592238426208496,5.3802027702331543,5.3812375068664551,5.3807854652404785
0.6596751938912055,211.7319802306029146,119.7118213757384808,4.4113814981990931,5.6055014754054806,0.4184684753417969,0.8330807685852051,1.1872401237487793,1.5025992393493652,1.7803277969360352,2.0263028144836426,2.2432818412780762,2.4369297027587891
0.3000000000000000,57.7929769089351524,0.0010000000000000,7.0000000000000000,2.6714989216283547,0.9833211898803711,2.8394923210144043,4.3204607963562012,5.1013865470886230,5.4761061668395996,5.7609019279479980,5.9937996864318848,6.1653666496276855
0.3000000000000000,12.9656902083456966,148.3523561564715010,7.0000000000000000,7.0000000000000000,1.1263413429260254,4.1782202720642090,7.6741566658020020,10.9194812774658203,13.1644763946533203,14.1173553466796875,14.4143924713134766,14.4313373565673828
0.3000000000000000,0.0010000000000000,0.0010000000000000,7.0000000000000000,7.0000000000000000,1.5229086875915527,5.5154051780700684,10.7260227203369141,16.2703285217285156,22.4250831604003906,23.0646934509277344,23.0594139099121094,23.0570316314697266
0.7750937018395551,49.4801684184115729,0.0010000000000000,7.0000000000000000,7.0000000000000000,0.7778015136718750,2.5950083732604980,4.2982735633850098,5.4822030067443848,6.1750235557556152,6.5559477806091309,6.7951531410217285,6.9651579856872559
0.3000000000000000,40.9599807033941445,0.0010000000000000,3.2517214930896419,7.0000000000000000,1.1808819770812988,3.9646320343017578,7.0803136825561523,10.1835794448852539,12.4439783096313477,13.4042024612426758,13.5701665878295898,13.5748834609985352
0.3000000000000000,0.0010000000000000,0.0010000000000000,7.0000000000000000,5.8597710221687516,1.5228753089904785,5.4777321815490723,10.4751300811767578,15.4982452392578125,20.9301967620849609,23.0648403167724609,23.0598335266113281,23.0593833923339844
0.3000000000000000,0.0010000000000000,0.0010000000000000,7.0000000000000000,7.0000000000000000,1.5229086875915527,5.5154042243957520,10.7260074615478516,16.2704010009765625,22.4251041412353516,23.0659294128417969,23.0592231750488281,23.0570564270019531
0.5021967293238767,63.1754294714015927,34.8044252601759538,2.7329659708725540,4.4982017100645102,0.7735598087310791,2.4037630558013916,3.8013556003570557,4.5875196456909180,4.8850564956665039,5.0078144073486328,5.0875463485717773,5.1508588790893555
0.4942712942791460,111.4251996277645986,13.0316546749205795,3.9373608355068339,5.1576484224795358,0.7176215648651123,2.1624372005462646,3.4446818828582764,4.2382583618164062,4.6264123916625977,4.8282642364501953,4.9665851593017578,5.0757360458374023
0.8698334311290050,83.2798991095879302,3.3585421373120101,6.4793214359161118,4.8107286306617931,0.5772504806518555,1.3884096145629883,2.0704393386840820,2.6072397232055664,3.0290851593017578,3.3801984786987305,3.6709308624267578,3.9076166152954102
0.3000000000000000,0.0010000000000000,0.0010000000000000,7.0000000000000000,7.0000000000000000,1.5229077339172363,5.5154099464416504,10.7260093688964844,16.2702941894531250,22.4247016906738281,23.0643825531005859,23.0597667694091797,23.0571022033691406
0.5425117238403993,128.2689617608390051,338.2376585270749842,5.2943207209604672,4.8207153963030427,0.4864921569824219,1.0935544967651367,1.5749473571777344,1.9088292121887207,2.1362657546997070,2.3057222366333008,2.4405536651611328,2.5522360801696777
0.6973389980083370,203.6978794524446243,95.8284328347192513,4.5215131496386185,5.3317423156929200,0.4207444190979004,0.8196735382080078,1.1665368080139160,1.4784727096557617,1.7546052932739258,2.0003848075866699,2.2177824974060059,2.4127840995788574
0.3000000000000000,300.0000000000000000,400.0000000000000000,2.0000000000000000,7.0000000000000000,0.1912407875061035,0.3870580196380615,0.5226917266845703,0.6430284976959229,0.7529544830322266,0.8543276786804199,0.9469056129455566,1.0317063331604004
0.6457493770034923,173.7555125731170733,168.5408992651643700,6.3551198241742073,6.6517197854001635,0.4797711372375488,1.1748533248901367,1.7453331947326660,2.2191557884216309,2.6172909736633301,2.9520726203918457,3.2371554374694824,3.4927220344543457
0.4948991179846858,30.1822746785320568,31.8934854975133533,2.0000000000000000,4.9082062421374690,0.8848104476928711,2.8949608802795410,4.9008445739746094,6.2952237129211426,6.8544020652770996,6.9419293403625488,6.9658646583557129,6.9864001274108887
0.6884395642560542,19.4617855003488600,0.0010000000000000,5.5863924054814440,6.4314133943543279,1.0885467529296875,3.7818002700805664,6.4274864196777344,8.3842182159423828,9.4597320556640625,9.8954153060913086,10.1059207916259766,10.2581310272216797
0.3839083308993743,253.0932429403304695,163.2616068150726392,6.8097494231272062,6.0296150502446810,0.5255951881408691,1.4217953681945801,2.1943736076354980,2.7630743980407715,3.1425185203552246,3.3974785804748535,3.5892872810363770,3.7474799156188965
0.3000000000000000,300.0000000000000000,0.0010000000000000,7.0000000000000000,2.0000000000000000,0.2603478431701660,0.4460220336914062,0.5778040885925293,0.6842846870422363,0.7763571739196777,0.8546977043151855,0.9247608184814453,0.9853625297546387
0.3253834270077278,48.0518712227043281,17.8804732322178914,5.4465880868183998,6.8425502743741422,1.1568217277526855,4.1470127105712891,7.3754549026489258,10.1779756546020508,12.0380735397338867,12.8085622787475586,12.9936323165893555,13.0365076065063477
0.3104594663120579,22.1689538468446230,250.0485450870108366,6.9936397891965871,2.7064208393793669,0.7153682708740234,1.9927744865417480,2.9962067604064941,3.4079794883728027,3.4802327156066895,3.4808993339538574,3.4808487892150879,3.4806914329528809
0.6093384844792247,265.6164277227501316,365.4684499842063587,3.5385028072535740,6.6519945188543153,0.2936913967132568,0.4742827415466309,0.6377429962158203,0.7992072105407715,0.9496850967407227,1.0915279388427734,1.2255096435546875,1.3514337539672852
0.9342473869253931,0.0011977616982947,12.2414599631505219,3.3586162567400057,4.0820935148488138,1.4355142116546631,4.8070278167724609,8.7984418869018555,12.7802276611328125,16.3124408721923828,20.4541320800781250,23.9937648773193359,26.6434822082519531
0.3000000000000000,0.0010000000000000,0.0010000000000000,7.0000000000000000,6.8556271410104852,1.5229077339172363,5.5137438774108887,10.7047615051269531,16.2122039794921875,22.2173957824707031,23.0697441101074219,23.0601387023925781,23.0585136413574219
0.9911022216512677,98.1913981182358242,137.6487372854564910,6.6208086770421328,3.9914809412654439,0.4162702560424805,0.7809243202209473,1.1089715957641602,1.4059481620788574,1.6694254875183105,1.9040474891662598,2.1108288764953613,2.2958436012268066
1.0000000000000000,0.0010000000000000,0.0010000000000000,2.0000000000000000,2.0000000000000000,1.2331080436706543,3.9247403144836426,6.8643994331359863,9.4280891418457031,11.6674137115478516,13.7101058959960938,15.6160488128662109,17.4279365539550781
1.0000000000000000,300.0000000000000000,0.0010000000000000,7.0000000000000000,7.0000000000000000,0.3671450614929199,0.4894032478332520,0.7766995429992676,0.9812235832214355,1.1888823509216309,1.3915057182312012,1.5867514610290527,1.7747282981872559
0.9140618158848324,38.0750849656280579,8.2884657694962662,4.7439064046699908,2.2534803159700125,0.4845981597900391,1.1280903816223145,1.6267066001892090,1.9806561470031738,2.2452378273010254,2.4578537940979004,2.6365919113159180,2.7916254997253418
0.3822106987531835,253.6014595532043927,213.2556874915744913,2.4105202112454447,6.8210747081123948,0.3212327957153320,0.7822022438049316,1.2060160636901855,1.5426371097564697,1.8024284839630127,2.0076749324798584,2.1746857166290283,2.3165900707244873
0.7533676143490242,69.6138168928783330,230.7297664331781561,2.9328108615785409,3.1498309215315206,0.3911280632019043,0.8190984725952148,1.1357331275939941,1.3649849891662598,1.5385684967041016,1.6759233474731445,1.7868437767028809,1.8797187805175781
0.8047918845061710,58.2056409959566210,230.3448176555496900,6.5638961944218979,4.5296020244562483,0.5678315162658691,1.3947939872741699,2.0904641151428223,2.5845313072204590,2.9268479347229004,3.1828408241271973,3.3897929191589355,3.5581049919128418
0.9142505361695270,173.0595344464132381,228.1851894658282163,5.7702241614332435,4.4278941208507048,0.3560705184936523,0.5433168411254883,0.7435789108276367,0.9359850883483887,1.1164369583129883,1.2835283279418945,1.4392642974853516,1.5850958824157715
1.0000000000000000,0.0010000000000000,0.0010000000000000,2.0000000000000000,5.4645606802064970,1.3317050933837891,4.4663152694702148,8.5068111419677734,12.8637008666992188,17.5789127349853516,22.7647514343261719,27.4840965270996094,28.0267696380615234
0.9443180585918214,91.6855259867117098,179.5601534645503534,5.1742949296996885,3.9073361003851583,0.4147520065307617,0.7910976409912109,1.1172661781311035,1.4048852920532227,1.6553163528442383,1.8737039566040039,2.0638055801391602,2.2312064170837402
0.8082817869035981,73.8280096431769124,129.9757658212824083,6.7365256271721243,6.5624024950512903,0.5950012207031250,1.7097845077514648,2.6692600250244141,3.4171304702758789,3.9851408004760742,4.3869724273681641,4.6803264617919922,4.9048233032226562
0.7743721003994847,211.0055596207257054,132.7104049257507654,5.4318079646149613,4.5269944294879156,0.3807015419006348,0.6301884651184082,0.8724288940429688,1.1009354591369629,1.3102335929870605,1.5027294158935547,1.6798672676086426,1.8432273864746094
0.6155815352810556,6.9470408974429212,123.3104283974214752,6.4035234588929475,6.2272828255300414,1.1284103393554688,4.0443830490112305,7.1375379562377930,9.7246532440185547,11.3526458740234375,12.0391483306884766,12.2319488525390625,12.3040523529052734
0.7247216326947377,41.2519946821010919,125.3700521782359090,5.3747026463023682,4.1545907884823112,0.7193441390991211,2.0240674018859863,3.1003456115722656,3.7537260055541992,4.1253089904785156,4.3636541366577148,4.5341739654541016,4.6703748703002930
1.0000000000000000,0.0010000000000000,0.0010000000000000,2.9487139622458551,5.3209178174321723,1.4589452743530273,4.9494652748107910,9.2031726837158203,13.7402648925781250,18.8292999267578125,23.8687839508056641,27.0534286499023438,27.0936126708984375
0.7969657688244098,186.9666319203658986,382.4294997129091485,2.9557030903357173,3.1011680817812461,0.1742188930511475,0.2310125827789307,0.3032736778259277,0.3661952018737793,0.4226679801940918,0.4764945507049561,0.5263948440551758,0.5736470222473145
0.6778416204704918,288.1679788410373817,11.4471271921197832,6.7206885008280217,5.3259968374978861,0.4135532379150391,0.7239274978637695,1.0280694961547852,1.3092899322509766,1.5625524520874023,1.7973785400390625,2.0138406753540039,2.2133722305297852
1.0000000000000000,0.0010000000000000,0.0010000000000000,7.0000000000000000,4.9445230661937849,1.5218605995178223,5.3964104652404785,10.1770915985107422,14.7923583984375000,19.8776302337646484,23.0440139770507812,23.0623016357421875,23.0607299804687500
0.8723634033272494,157.1231226064994360,316.8458916326892449,3.5122178768557548,6.3404962105914819,0.3178293704986572,0.5432462692260742,0.7679853439331055,0.9834127426147461,1.1842689514160156,1.3720998764038086,1.5472621917724609,1.7108306884765625
0.8722294336967673,1.7451893372148646,99.3506120170334555,6.2371517164236634,6.0293850163827472,1.1927218437194824,4.2311820983886719,7.4097146987915039,10.0113992691040039,11.6574525833129883,12.3814535140991211,12.6208391189575195,12.7546491622924805
0.5225870579734501,293.2262085971936472,303.8837710374373842,2.7906608039799425,4.3322049858189722,0.2341213226318359,0.3397581577301025,0.4446785449981689,0.5404422283172607,0.6299271583557129,0.7135772705078125,0.7915117740631104,0.8649060726165771
0.4123331286762490,10.0058945397170636,279.4321375473513740,5.7338218949211095,6.9262753240412929,0.9346103668212891,3.4682202339172363,6.1743912696838379,8.6045322418212891,10.3310375213623047,11.1178150177001953,11.2325820922851562,11.2335929870605469
0.9015774422506875,300.0000000000000000,198.7614032393833554,4.8872704748056153,3.0221512301398952,0.1890840530395508,0.2397727966308594,0.3339996337890625,0.4122405052185059,0.4831376075744629,0.5585355758666992,0.6252341270446777,0.6922798156738281
0.9188551542031009,146.6770629379111597,264.8938884770378195,4.3296561794998034,2.1395411626032592,0.1464581489562988,0.2083730697631836,0.2814211845397949,0.3444571495056152,0.4010992050170898,0.4542117118835449,0.5043139457702637,0.5509366989135742
0.5245729144898874,43.7961224949765722,0.0010000000000000,2.8623908120743105,5.7239274721261557,0.9263274669647217,3.0068075656890869,5.1004323959350586,6.5996417999267578,7.2488956451416016,7.4374790191650391,7.5115222930908203,7.5669355392456055
1.0000000000000000,0.0010000000000000,0.0010000000000000,2.0000000000000000,4.3901207464161196,1.3302578926086426,4.4554963111877441,8.4663200378417969,12.5354900360107422,16.5452938079833984,20.5445327758789062,24.6350631713867188,27.9779968261718750
0.8746347239306747,43.5942147878060524,358.6711542232412739,4.0137489121247878,6.2114084493095634,0.5126957893371582,1.3434600830078125,2.0844135284423828,2.6309528350830078,3.0081863403320312,3.2825894355773926,3.4882292747497559,3.6447100639343262
0.3641081500271284,0.0010000000000000,0.0010000000000000,7.0000000000000000,6.8646628632305786,1.5235142707824707,5.5186419486999512,10.7251758575439453,16.2566795349121094,22.4185066223144531,23.0679454803466797,23.0600166320800781,23.0591869354248047
0.8702145998754713,32.6018615476232156,311.3320506772441831,2.5557858595518992,2.3559373130472792,0.3109333515167236,0.5897619724273682,0.7697899341583252,0.8884658813476562,0.9716670513153076,1.0323481559753418,1.0789673328399658,1.1151154041290283
0.5038652522009769,256.8723012620571353,216.8935299756538200,3.0168315321440917,3.0559227381315024,0.2354912757873535,0.3491826057434082,0.4567823410034180,0.5496139526367188,0.6338033676147461,0.7110524177551270,0.7815670967102051,0.8470191955566406
0.4737452851928552,43.5559025065872447,231.7319882469717527,4.5662710573617726,7.0000000000000000,0.8010191917419434,2.8250718116760254,4.9360466003417969,6.6930351257324219,7.7455406188964844,8.0821723937988281,8.1218309402465820,8.1291980743408203
0.7250283877063194,196.7655575960037027,70.8390547586531483,6.4678460536754612,5.7641683946886788,0.4554166793823242,0.9403939247131348,1.3613839149475098,1.7315435409545898,2.0601377487182617,2.3531665802001953,2.6134605407714844,2.8459205627441406
0.7136640868055995,79.0739891922477227,40.8288935592606492,3.1899915968022041,3.8665201539310581,0.5560626983642578,1.3803968429565430,2.0099687576293945,2.4190077781677246,2.7031297683715820,2.9228782653808594,3.1026315689086914,3.2562108039855957
0.5761331334592231,41.9659495325982022,398.0382434623111294,6.4394174838578788,5.9229236519263271,0.6493134498596191,2.0672321319580078,3.4079141616821289,4.4026050567626953,4.9382934570312500,5.1126022338867188,5.1623229980468750,5.1792201995849609
1.0000000000000000,0.0010000000000000,0.0010000000000000,4.3337993423154391,5.3064871124666677,1.5094861984252930,5.3125338554382324,9.9251747131347656,14.4720134735107422,19.3730316162109375,24.3507575988769531,25.7054939270019531,25.7072162628173828
0.3000000000529964,0.0010000000000000,176.0521772966752110,7.0000000000000000,4.9733747751870823,1.1315436363220215,3.8909621238708496,6.8138356208801270,9.3656673431396484,10.9949417114257812,11.4350776672363281,11.4721012115478516,11.5096950531005859
0.4691482588295436,87.2862537062313208,348.1884172974431522,3.8114997546111455,3.9763165526663418,0.5132396221160889,1.2398588657379150,1.7956030368804932,2.0841982364654541,2.2009527683258057,2.2652218341827393,2.3169949054718018,2.3603165149688721
0.9939410148827901,69.8417425242186454,164.4632352074119694,2.0956678993789852,4.8026749583509236,0.2937099933624268,0.6173019409179688,0.9154660701751709,1.1844804286956787,1.4225199222564697,1.6315252780914307,1.8150341510772705,1.9770863056182861
0.7422944576957293,113.6622751217697243,169.6579985384645965,2.4966148908995671,5.0269764326878530,0.3578970432281494,0.7886142730712891,1.1549298763275146,1.4619679450988770,1.7181086540222168,1.9336419105529785,2.1169352531433105,2.2754745483398438
0.5451359580249332,180.2359835373305827,111.6361942370784561,6.1693351233874605,2.0099342263019166,0.2201633453369141,0.3687586784362793,0.4961071014404297,0.6038103103637695,0.6981983184814453,0.7830471992492676,0.8598394393920898,0.9288244247436523
0.3432797439388811,0.0010000000000000,0.0010000000000000,7.0000000000000000,7.0000000000000000,1.5233893394470215,5.5194373130798340,10.7445411682128906,16.3362751007080078,22.5239353179931641,23.0703411102294922,23.0583343505859375,23.0571308135986328
0.7422297888508049,237.5297219928607717,12.0358081674087121,6.6134281318078516,4.5293302920424461,0.4074902534484863,0.7087297439575195,0.9977622032165527,1.2687745094299316,1.5150446891784668,1.7411904335021973,1.9478344917297363,2.1368031501770020
0.9890374564769058,0.3012294638138779,147.7722871389108548,6.9864122950052812,3.9389783373634519,1.1235060691833496,3.5827527046203613,6.0035195350646973,7.8233361244201660,8.7433223724365234,8.9686050415039062,9.1004486083984375,9.2297935485839844
1.0000000000000000,0.0010000000000000,0.0010000000000000,4.2689082600613721,5.6241150960030630,1.5110898017883301,5.3241863250732422,9.9669609069824219,14.5762577056884766,19.8207492828369141,24.8684082031250000,25.7683048248291016,25.7709445953369141
0.7560143227826168,19.8027709876959896,101.5531493622197132,5.9559698192486872,3.4364348522161183,0.8283162117004395,2.3593487739562988,3.5544333457946777,4.2420048713684082,4.6365637779235840,4.8965172767639160,5.0807490348815918,5.2225556373596191
0.4700105617680498,284.4884307074209460,235.9532566707075887,2.4324155808616656,5.4955671743398415,0.2463467121124268,0.4552233219146729,0.6275329589843750,0.7861044406890869,0.9314086437225342,1.0650300979614258,1.1869959831237793,1.2991721630096436
0.9781249322807544,0.0010000000000000,0.0010000000000000,4.1016079378373211,5.7139669351660558,1.5060334205627441,5.2984485626220703,9.9207744598388672,14.5137529373168945,19.9004669189453125,25.0217742919921875,25.9549713134765625,25.9577789306640625
0.3279188355720817,246.8284733063096894,360.1124556049147145,5.9462514777122264,2.3644501863769247,0.1720433235168457,0.1956186294555664,0.2415513992309570,0.2668700218200684,0.2687640190124512,0.2870926856994629,0.2949004173278809,0.3063645362854004
0.8996230720823979,137.0136680813680812,137.1057477473779898,5.9103684103858338,6.8344217155521516,0.4428701400756836,0.9397015571594238,1.3779821395874023,1.7707176208496094,2.1270699501037598,2.4506907463073730,2.7410302162170410,3.0100283622741699
0.5384677550424414,291.5090123503611039,55.7005326322649310,5.6252522418138167,4.1020509914599206,0.3962302207946777,0.7018046379089355,0.9561691284179688,1.1877775192260742,1.3942031860351562,1.5796785354614258,1.7458748817443848,1.8961095809936523
0.9455304368344188,0.0010000000000000,0.0010000000000000,2.6506122981238871,5.8714523156542038,1.4323582649230957,4.8184061050415039,9.0292453765869141,13.6426391601562500,18.7771110534667969,23.8798980712890625,27.3770217895507812,27.4106884002685547
0.3424534615733753,37.2370495644352246,128.5341646233815425,2.2247701709094980,3.8118255591413814,0.8201489448547363,2.6058516502380371,4.2256121635437012,5.1983046531677246,5.4161124229431152,5.4165601730346680,5.4170751571655273,5.4171805381774902
0.8415242890612957,128.0293277755651786,386.8588523123030996,2.4056755909347909,4.4888749414115487,0.2202367782592773,0.3620426654815674,0.5008952617645264,0.6276061534881592,0.7447352409362793,0.8533990383148193,0.9535539150238037,1.0463726520538330
0.4193266051253643,270.3736730571841349,389.2539336832683716,5.6749835706982878,3.1094914572209689,0.2405490875244141,0.2952609062194824,0.3572993278503418,0.3957719802856445,0.4369597434997559,0.4662137031555176,0.4985785484313965,0.5269670486450195
0.9130114884496239,85.7937859724300864,328.7734724084023696,2.8226811660565612,2.7483058022046825,0.2269701957702637,0.3682808876037598,0.4931933879852295,0.6030366420745850,0.6989731788635254,0.7843127250671387,0.8600630760192871,0.9279952049255371
0.9769650864623960,0.0010000000000000,0.0010000000000000,4.0418922661672401,5.7197358672612557,1.5084862709045410,5.2993640899658203,9.9214000701904297,14.5052671432495117,19.8866767883300781,24.9779090881347656,26.0233764648437500,26.0234985351562500
0.9940261055658071,201.5391448717770686,209.0850649484392534,5.9952134604493477,5.1217725874990281,0.3558712005615234,0.4959769248962402,0.7023944854736328,0.8950057029724121,1.0763530731201172,1.2455248832702637,1.4083013534545898,1.5615301132202148
0.9770991030401623,0.0010000000000000,0.0010000000000000,4.0191058153481709,5.7221312489717135,1.5073046684265137,5.2869167327880859,9.8858232498168945,14.4638376235961914,19.9821090698242188,25.1443290710449219,26.0197105407714844,26.0258293151855469
0.3336758379900206,228.4414392705390924,36.9259700131324351,5.4185865261686095,6.7244770304609292,0.6476159095764160,2.1260023117065430,3.5779151916503906,4.6885881423950195,5.3102922439575195,5.5713396072387695,5.6939516067504883,5.7806024551391602
0.6179884369355075,244.7859827407877447,57.3187895054250447,6.8196598097334284,4.2112773024752519,0.4159674644470215,0.7595686912536621,1.0542254447937012,1.3206229209899902,1.5574507713317871,1.7698225975036621,1.9589982032775879,2.1290478706359863
0.7605873889176981,221.8660331876265275,132.9580675839157493,4.0994315198368216,3.3945762106945621,0.2809734344482422,0.4383115768432617,0.6032123565673828,0.7536206245422363,0.8943786621093750,1.0251455307006836,1.1462616920471191,1.2587614059448242
0.3003951936151870,84.9100548176979686,33.4472316112194648,4.6447763197600187,4.6088128727807929,0.9812083244323730,3.1731247901916504,5.2561354637145996,6.7491202354431152,7.4296078681945801,7.6384692192077637,7.7179255485534668,7.7602610588073730
1.0000000000000000,0.0010000000000000,0.0010000000000000,4.8474598864700313,6.1254099895385421,1.5148329734802246,5.4144444465637207,10.2519760131835938,15.0810146331787109,20.5130367279052734,25.1553993225097656,25.2028007507324219,25.2030448913574219
0.9863680371514056,14.0285949711827023,105.9237554303518891,6.1398758691259019,3.6670973165052110,0.7707066535949707,2.1257309913635254,3.1765904426574707,3.8247046470642090,4.2410168647766113,4.5333285331726074,4.7547183036804199,4.9329829216003418
0.8830971568325801,12.6916659036587554,175.3027768762781875,2.9275485708316396,5.0521554236472337,0.7529006004333496,2.3294239044189453,3.7375407218933105,4.5968451499938965,4.9741635322570801,5.1223006248474121,5.1939711570739746,5.2414374351501465
0.7326242577687666,106.5548943831406632,52.0174420169122129,5.2067471403290364,2.7219050232485591,0.3903069496154785,0.8198089599609375,1.1686034202575684,1.4475984573364258,1.6735782623291016,1.8608894348144531,2.0196962356567383,2.1575288772583008
0.3000000000000000,254.4071060413081682,234.0913030735596578,6.2170493963473294,3.3052864615642381,0.3924660682678223,0.7271862030029297,0.9240880012512207,1.0480480194091797,1.1429095268249512,1.2225441932678223,1.2907505035400391,1.3489537239074707
0.6423134258646142,104.2811780319449468,293.6769029718942647,3.4058144447319085,2.0421913324135827,0.1957712173461914,0.2808656692504883,0.3506057262420654,0.4083113670349121,0.4580914974212646,0.5018177032470703,0.5402750968933105,0.5751566886901855
0.9683399926035261,63.0408806597600417,220.5258601306621529,6.7770685876765047,5.1900443579972659,0.5154008865356445,1.1764755249023438,1.7385015487670898,2.1976346969604492,2.5712280273437500,2.8796234130859375,3.1381196975708008,3.3666887283325195
0.3221411404691807,294.0262863403672213,153.3481258297513250,4.0504852323797955,2.7744551875637460,0.2990865707397461,0.4877581596374512,0.6046137809753418,0.7027254104614258,0.7863931655883789,0.8610229492187500,0.9266033172607422,0.9863796234130859
0.4332651636923961,0.0010000000000000,0.0010000000000000,3.4207676266964393,6.9068106342148123,1.4894614219665527,5.1554384231567383,9.6650657653808594,14.3269729614257812,20.4568538665771484,25.9924449920654297,26.6543407440185547,26.6525115966796875
0.6805193476981094,210.3999037792161744,186.4413736338960348,5.6971321823373353,3.0365376152337102,0.2670588493347168,0.4206867218017578,0.5668630599975586,0.6966543197631836,0.8174581527709961,0.9274334907531738,1.0285835266113281,1.1219491958618164
0.3429891147662193,218.2739435626650391,0.0010824234352300,3.0227039920176511,3.9719252129624580,0.5543377399444580,1.4689886569976807,2.1750247478485107,2.5493109226226807,2.7391207218170166,2.8724949359893799,2.9832656383514404,3.0778863430023193
0.6019803428179719,0.0010000000000000,0.0010000000000000,4.1628697195066398,6.3724392779678665,1.5096869468688965,5.3323493003845215,10.0455646514892578,14.8131923675537109,20.9213218688964844,25.8514709472656250,25.9066314697265625,25.8976383209228516
0.5625115280442395,99.3260036106880477,280.4293717706552229,2.4422801889836285,2.2087394010727173,0.2436397075653076,0.3903295993804932,0.4895553588867188,0.5683479309082031,0.6343836784362793,0.6895112991333008,0.7356455326080322,0.7766022682189941
0.4073169476909803,253.2131391937312515,381.7702026147854326,4.7777547793993476,3.5579994856748356,0.3084659576416016,0.4380769729614258,0.5099468231201172,0.5729675292968750,0.6337366104125977,0.6870765686035156,0.7374763488769531,0.7837791442871094
0.5650144896829539,0.0010000000000000,0.0010000000000000,4.0691913940557747,6.5129406956981191,1.5086688995361328,5.3242912292480469,10.0331945419311523,14.7657651901245117,20.8190231323242188,25.9463462829589844,26.0284500122070312,26.0236663818359375
0.4092568630820608,0.0010000000000000,175.9891769830155681,2.1835412629628062,4.7840492702805530,0.9422512054443359,3.1451015472412109,5.5776395797729492,7.6642355918884277,8.9548606872558594,9.1779327392578125,9.1761627197265625,9.1769828796386719
0.6646479605345481,292.0719815968140551,192.2843175414113546,3.5764928071448749,3.9602321451425713,0.2699534893035889,0.3817071914672852,0.5137913227081299,0.6321227550506592,0.7474200725555420,0.8559567928314209,0.9572250843048096,1.0522625446319580
0.7701659627001394,275.5640002110822024,195.5267539471087161,3.3727666084713332,4.3076941784134792,0.2555327415466309,0.3574299812316895,0.4910514354705811,0.6110732555389404,0.7301509380340576,0.8440062999725342,0.9506433010101318,1.0515573024749756
0.9120965539787129,118.0751771412111850,190.5490831629401214,2.6930808560206292,5.3157375694164770,0.3060085773468018,0.5850956439971924,0.8504223823547363,1.0949132442474365,1.3183071613311768,1.5209958553314209,1.7041766643524170,1.8702414035797119
0.6086221047945251,0.0010000000000000,0.0010000000000000,4.3237609752305772,6.4943707938499156,1.5094809532165527,5.3593611717224121,10.1208343505859375,14.9683361053466797,21.1261634826660156,25.6763782501220703,25.7144451141357422,25.7062244415283203
0.5697829045057616,21.6318023509727411,383.6443603929076289,5.1330714742303911,6.6365491485403769,0.7297000885009766,2.5523028373718262,4.3988347053527832,5.9092879295349121,6.8049521446228027,7.0772271156311035,7.0959000587463379,7.0987763404846191
0.7082265680092977,89.1959516142869973,272.0995403997039261,5.5839771707103045,6.2984725083369923,0.5328841209411621,1.4334454536437988,2.2163548469543457,2.8116769790649414,3.2400579452514648,3.5671014785766602,3.8118085861206055,4.0007228851318359
0.6427691879046815,106.5447017780114720,244.4920195993069001,6.7495100225106137,3.0664082706825524,0.3903574943542480,0.7685689926147461,1.0478773117065430,1.2577428817749023,1.4222106933593750,1.5568962097167969,1.6696233749389648,1.7644262313842773
0.5372031942853844,109.5912691317430898,39.3433201549123694,5.8226352664852215,3.8766236761532737,0.6494832038879395,1.7084798812866211,2.5694646835327148,3.0991611480712891,3.4188461303710938,3.6473150253295898,3.8235368728637695,3.9745960235595703
0.6343331599802191,14.3387461607822182,223.8597085455888873,2.0289374392842365,6.0221330845468533,0.6875517368316650,2.3234701156616211,4.0226769447326660,5.3146481513977051,5.8963356018066406,5.9354648590087891,5.9361934661865234,5.9337224960327148
0.5850646463036582,0.0010000000000000,0.0010000000000000,4.2952309658794281,6.5865095024731311,1.5127644538879395,5.3709325790405273,10.1487646102905273,14.9637260437011719,21.0984249114990234,25.7497081756591797,25.7789039611816406,25.7718448638916016
0.4174380457035017,166.5315303775905420,157.1588610521257010,6.9156206878788780,3.9740056542404423,0.5532932281494141,1.3360376358032227,1.9783906936645508,2.3717212677001953,2.5984706878662109,2.7559690475463867,2.8806505203247070,2.9891815185546875
0.4230742279294495,140.0834396791312031,351.2144546364181679,5.3059915828166400,5.3257174659542708,0.5306997299194336,1.3682165145874023,2.0869684219360352,2.5607419013977051,2.8183617591857910,2.9590840339660645,3.0539364814758301,3.1335930824279785
0.8556018424469105,77.3445557725888051,200.5817509743591245,4.9979130684382831,3.8157037481063956,0.4557332992553711,0.9448986053466797,1.3457622528076172,1.6685905456542969,1.9291496276855469,2.1425457000732422,2.3211603164672852,2.4734301567077637
0.5886242645217167,232.2824839811058837,34.1114780699389186,3.3607782388367582,5.8577821580792300,0.4045610427856445,0.8697574138641357,1.2684237957000732,1.6141808032989502,1.9112498760223389,2.1678717136383057,2.3899800777435303,2.5854203701019287
0.9179547232151188,4.8374455789219528,330.5731756433616511,5.9959086288125159,6.0941594619475454,0.8143544197082520,2.8237276077270508,4.7904186248779297,6.3384523391723633,7.2072935104370117,7.5308914184570312,7.6198711395263672,7.6424427032470703
0.3000000000000000,0.0010000000000000,0.0010000000000000,4.3124190807009253,7.0000000000000000,1.5119605064392090,5.3677482604980469,10.1384544372558594,14.9807224273681641,20.6359081268310547,25.7204818725585938,25.7746829986572266,25.7684421539306641
0.3594054162425814,158.9380607304387070,51.7596930058918758,3.4551547168853634,6.0913289505389958,0.6767532825469971,2.1619927883148193,3.6304461956024170,4.6612787246704102,5.1367654800415039,5.2922801971435547,5.3660449981689453,5.4259243011474609
0.8936959100527768,6.2608531742669635,154.1890006801586708,3.3389632908722078,6.5999231737434920,0.9154646396636963,3.0406816005706787,5.2478752136230469,7.0092658996582031,7.9455785751342773,8.2394676208496094,8.2986917495727539,8.3089532852172852
0.5658580669682055,0.0010000000000000,0.0010000000000000,4.3340084321014540,6.4833488466864395,1.5101027488708496,5.3644118309020996,10.1371517181396484,14.9661674499511719,21.0104141235351562,25.6712093353271484,25.7145709991455078,25.7071361541748047
0.7383385032345611,110.7455488370193422,342.4153148806575473,3.6601533116574947,3.9074311371298505,0.3581070899963379,0.6438751220703125,0.8634214401245117,1.0507049560546875,1.2108340263366699,1.3480076789855957,1.4666118621826172,1.5711445808410645
0.3223150257923674,207.9671526518781093,344.9350619761838743,5.4433371453133699,3.5396235578412689,0.4012556076049805,0.7303380966186523,0.9068765640258789,1.0078063011169434,1.0849399566650391,1.1498646736145020,1.2057356834411621,1.2542757987976074
0.4727354977894888,182.9758939471883252,79.4703262520781237,5.0786649072778562,5.1873288646744280,0.5730500221252441,1.5040497779846191,2.3054132461547852,2.8546509742736816,3.2056031227111816,3.4510855674743652,3.6453766822814941,3.8039259910583496
0.8660520588012943,223.9816550359465168,208.4700759630442519,4.4664150483544454,5.6957493883727786,0.3416748046875000,0.5098361968994141,0.7191009521484375,0.9141826629638672,1.0980925559997559,1.2709779739379883,1.4351153373718262,1.5904135704040527
0.3971157504931168,179.5705542468368776,399.9997279485949093,6.4011397065534101,5.5393544667157144,0.4863953590393066,1.1757974624633789,1.7313160896301270,2.0999436378479004,2.3281340599060059,2.4809107780456543,2.5962986946105957,2.6925902366638184
0.9115170506439483,225.1597392720384221,184.5751770670617873,4.1012312988354402,2.4826337589243579,0.1689138412475586,0.2227659225463867,0.3103642463684082,0.3895740509033203,0.4622817039489746,0.5322690010070801,0.5979576110839844,0.6609077453613281
0.8080305322351422,264.0743313956068619,244.2502978713492610,6.9164659422414605,3.9404970608003156,0.2980284690856934,0.3981904983520508,0.5234985351562500,0.6329226493835449,0.7496042251586914,0.8533692359924316,0.9550504684448242,1.0524754524230957
0.4345321535986307,0.0010000000000000,0.0010000000000000,4.2769697734162015,7.0000000000000000,1.5115456581115723,5.3610324859619141,10.1463336944580078,15.0674190521240234,21.0449428558349609,25.7397441864013672,25.7766494750976562,25.7708530426025391
0.3000000000000000,173.9072931945268010,0.0010000000000000,5.2437063445309420,4.6798040322950216,0.7846693992614746,2.4328703880310059,3.9252181053161621,4.8904719352722168,5.3210177421569824,5.4916138648986816,5.5831322669982910,5.6520743370056152
0.9371131354554116,69.0608217145203866,286.4670446350630186,5.2660563026440439,5.8065420789437709,0.4825348854064941,1.1023197174072266,1.6250920295715332,2.0584430694580078,2.4156069755554199,2.7136030197143555,2.9631075859069824,3.1832299232482910
0.5415021481380242,254.8683327494190678,106.7371729346757974,5.0521257975938552,2.1245966237194245,0.1797347068786621,0.2753925323486328,0.3707928657531738,0.4502592086791992,0.5263004302978516,0.5965771675109863,0.6606578826904297,0.7207880020141602
0.9468068536347820,241.5657641371738293,31.5182701579609983,5.9853966937152405,2.1279012359934177,0.1585812568664551,0.2437658309936523,0.3459024429321289,0.4408922195434570,0.5312027931213379,0.6199069023132324,0.7046589851379395,0.7852916717529297
0.5596271170841201,0.0010000000000000,0.0010000000000000,4.3421031540350281,6.4912776774297845,1.5101037025451660,5.3644194602966309,10.1371536254882812,14.9661579132080078,21.0085468292236328,25.6704387664794922,25.7134857177734375,25.7078094482421875
0.6445980486102740,157.7125936724698363,50.7753434298946402,2.2227972424378000,2.9968816423697104,0.2923355102539062,0.5608158111572266,0.7864294052124023,0.9804129600524902,1.1468262672424316,1.2919139862060547,1.4185256958007812,1.5309722423553467
0.3807037460926590,70.4503062444155574,54.7926891349611367,3.4996303928354995,4.6874352033887252,0.8961765766143799,2.8616192340850830,4.7099924087524414,5.9446926116943359,6.4469671249389648,6.5705299377441406,6.6099042892456055,6.6383476257324219
0.8233000779713699,241.0231647863597857,50.2424372040467944,6.8833110792976679,6.7203804916472896,0.4082050323486328,0.7370176315307617,1.0820345878601074,1.3862295150756836,1.6712217330932617,1.9432058334350586,2.1969308853149414,2.4340744018554688
0.4202441610211603,0.0010000000000000,0.0010000000000000,4.2976881966494362,7.0000000000000000,1.5127301216125488,5.3745508193969727,10.1779127120971680,15.0918140411376953,21.1529254913330078,25.7476844787597656,25.7726039886474609,25.7680263519287109
0.9975189949401231,78.3705058566934412,289.9574893671322116,4.4617979836238035,4.9071820990842081,0.4186406135559082,0.8087162971496582,1.1463212966918945,1.4457521438598633,1.7076253890991211,1.9361395835876465,2.1352820396423340,2.3106784820556641
0.4009607595525982,148.0699362565321735,303.3211544614821946,4.1196964165498313,2.6775134252700372,0.3191013336181641,0.5487194061279297,0.6652994155883789,0.7472186088562012,0.8130307197570801,0.8683333396911621,0.9161944389343262,0.9569020271301270
0.4050009992870070,0.0010000000000000,0.0010000000000000,4.3243293890562278,7.0000000000000000,1.5096087455749512,5.3645281791687012,10.1599845886230469,15.1585807800292969,21.0878448486328125,25.6823043823242188,25.7077350616455078,25.7092189788818359
0.4308253657425096,115.2977497433932399,393.6066802728608991,3.8895144598279563,3.9241818025305450,0.4523212909698486,0.9737107753753662,1.3316609859466553,1.5191771984100342,1.6169393062591553,1.6862432956695557,1.7435991764068604,1.7919270992279053
0.4082731502841095,88.7655834537452080,286.9675361105317961,2.0918444783128312,2.9533625852243555,0.3911976814270020,0.8891720771789551,1.1879794597625732,1.3004333972930908,1.3538837432861328,1.3969831466674805,1.4318122863769531,1.4615495204925537
0.3326243005914686,26.3102664464985061,263.8827803117490589,3.7938869297339521,3.4251693638375018,0.7697517871856689,2.2494418621063232,3.5322525501251221,4.2186336517333984,4.3516645431518555,4.3502368927001953,4.3502340316772461,4.3500041961669922
0.4550549021568893,244.2222392423506108,394.1999205749204407,4.3913949461376411,2.6385900587163915,0.1808457374572754,0.2067646980285645,0.2556681632995605,0.2912163734436035,0.3066740036010742,0.3265848159790039,0.3481345176696777,0.3672275543212891
0.3000000000000000,0.0010000000000000,0.0010000000000000,4.4525569470714990,7.0000000000000000,1.5108208656311035,5.3784990310668945,10.1888599395751953,15.1588621139526367,20.9672317504882812,25.5474929809570312,25.5790443420410156,25.5845069885253906
0.7052794845017806,143.6438353037502509,385.4924434781356695,6.9223084526877354,2.0867409843258735,0.1355385780334473,0.1590685844421387,0.2098922729492188,0.2295532226562500,0.2478504180908203,0.2773084640502930,0.2930345535278320,0.3070406913757324
0.3990726690902775,226.3304631179315720,386.2540732322806321,2.4459190866768199,3.9535797052377664,0.2503259181976318,0.3954470157623291,0.4890022277832031,0.5707898139953613,0.6427731513977051,0.7080647945404053,0.7677617073059082,0.8216304779052734
0.3958053967383205,279.1701419004853051,127.1375022357461830,2.1792986009789090,4.3256910250727341,0.2838330268859863,0.5709519386291504,0.7913379669189453,0.9748342037200928,1.1304736137390137,1.2636313438415527,1.3789589405059814,1.4813432693481445
0.9484550051528944,290.3021054233195741,74.9146441143012112,6.1903600479568084,3.4135885126087429,0.2485871315002441,0.3451585769653320,0.4809198379516602,0.5929350852966309,0.7166967391967773,0.8313746452331543,0.9409837722778320,1.0465230941772461
0.8588562428637041,63.5805828456234252,235.3912520933768633,3.9719330447213919,6.9608663570715112,0.5097017288208008,1.3285121917724609,2.0712394714355469,2.6518220901489258,3.0925388336181641,3.4509930610656738,3.7287273406982422,3.9464511871337891
0.8905633760707532,90.2574996581132325,218.6424858365511739,5.1709820009775287,4.6347018678155489,0.4557619094848633,0.9295439720153809,1.3286900520324707,1.6689624786376953,1.9562306404113770,2.2000246047973633,2.4086937904357910,2.5901288986206055
0.5533284713444910,0.0010000000000000,0.0010000000000000,4.3889095389319221,6.4436608358580489,1.5126533508300781,5.3689503669738770,10.1316947937011719,14.9940509796142578,21.0972404479980469,25.6111049652099609,25.6493682861328125,25.6466655731201172
0.3505505830354811,151.4719854316628016,43.2837505688636952,3.3739786883163512,4.3786258569009107,0.6800992488861084,2.0042688846588135,3.1232812404632568,3.7444365024566650,3.9836971759796143,4.0942039489746094,4.1749095916748047,4.2452907562255859
0.5436318222377374,266.5686470957855363,398.0822610620825799,2.6159245504364455,3.9214198672552301,0.1910107135772705,0.2441084384918213,0.3142883777618408,0.3739337921142578,0.4268817901611328,0.4782576560974121,0.5269494056701660,0.5730948448181152
0.9306664056545042,156.0093006079954421,43.7619146979612523,4.4663215451727680,3.4760102323129538,0.3296279907226562,0.5693149566650391,0.8077783584594727,1.0261497497558594,1.2282958030700684,1.4136838912963867,1.5831298828125000,1.7384071350097656
0.4382460280311024,0.0010000000000000,0.0010000000000000,4.3365702447856966,7.0000000000000000,1.5100941658020020,5.3685288429260254,10.1760883331298828,15.0865478515625000,20.9171237945556641,25.6885986328125000,25.7084541320800781,25.7074947357177734
0.3000000000000000,107.1626039450074472,251.5898900553687270,5.0895053102109351,5.9925668756019963,0.7211999893188477,2.4264411926269531,4.1128888130187988,5.4117474555969238,6.0905442237854004,6.2581973075866699,6.2782187461853027,6.2877335548400879
0.6068165743318699,69.2457301513614283,135.7564218612261300,2.4981454832416587,2.7243462407754517,0.4628779888153076,1.0877802371978760,1.5007424354553223,1.7304811477661133,1.8749651908874512,1.9878120422363281,2.0803871154785156,2.1553688049316406
0.5064440718079087,64.2352384736211235,55.6473156195381620,5.2702535354517508,5.5880547896404931,0.8646726608276367,2.8884358406066895,4.7901835441589355,6.1076436042785645,6.7547869682312012,7.0145993232727051,7.1374773979187012,7.2160649299621582
0.6217294185933997,148.3752453086111700,215.4572337572093659,2.5041898823793733,2.4842751754372507,0.2221539020538330,0.3602688312530518,0.4794487953186035,0.5815553665161133,0.6713895797729492,0.7511117458343506,0.8223567008972168,0.8863489627838135
0.5813956795192046,111.7358675521066544,155.5303613046301336,4.1546676819265533,5.6983070685893349,0.5743923187255859,1.5790529251098633,2.4737038612365723,3.0839881896972656,3.4687976837158203,3.7235398292541504,3.9067339897155762,4.0520720481872559
0.4174684993233865,0.0010000000000000,0.0010000000000000,4.3701148529688290,7.0000000000000000,1.5111331939697266,5.3830981254577637,10.2078552246093750,15.1130981445312500,20.9370746612548828,25.6865825653076172,25.7087841033935547,25.7077140808105469
0.3766643540324115,291.8073478172249793,396.4709371379866525,5.1936934565947626,4.4661677182138995,0.3643107414245605,0.5678524971008301,0.6734237670898438,0.7703256607055664,0.8565459251403809,0.9344863891601562,1.0059680938720703,1.0716915130615234
0.7007293871815798,145.7158371587067336,48.6796097030902146,2.2192756759514074,3.6212893796372194,0.3126308917999268,0.6265392303466797,0.8959817886352539,1.1288533210754395,1.3291177749633789,1.5031321048736572,1.6550655364990234,1.7887239456176758
0.5654716960330302,0.0010000000000000,0.0010000000000000,4.3886780885431227,6.3471450288132898,1.5126519203186035,5.3678154945373535,10.1253051757812500,14.9403610229492188,21.0106811523437500,25.6108760833740234,25.6491413116455078,25.6432437896728516
0.5597124208470365,145.7963605761899828,109.2097751184311818,4.1938386636983811,6.1274620802222497,0.5494785308837891,1.4842791557312012,2.3233923912048340,2.9264597892761230,3.3305659294128418,3.6205377578735352,3.8426356315612793,4.0182271003723145
0.4129549689230386,298.3411774054985699,388.7412380303844657,2.8912920616887106,3.1208483983587048,0.1815962791442871,0.2029752731323242,0.2472910881042480,0.2800929546356201,0.3059744834899902,0.3317604064941406,0.3562135696411133,0.3790929317474365
